<?xml version="1.0" encoding="UTF-8"?>
<beans xmlns="http://www.springframework.org/schema/beans"
       xmlns:xsi="http://www.w3.org/2001/XMLSchema-instance"
       xmlns:security="http://www.springframework.org/schema/security"
       xmlns:context="http://www.springframework.org/schema/context"
       xsi:schemaLocation="http://www.springframework.org/schema/security http://www.springframework.org/schema/security/spring-security-4.2.xsd
		http://www.springframework.org/schema/beans http://www.springframework.org/schema/beans/spring-beans.xsd
		http://www.springframework.org/schema/context http://www.springframework.org/schema/context/spring-context-4.2.xsd">


    <context:component-scan base-package="ru.isu.ordermanager"/>

    <bean class="org.springframework.security.web.access.expression.DefaultWebSecurityExpressionHandler"/>

    <security:http auto-config="true" use-expressions="false">
        <security:form-login login-page="/login" login-processing-url="/login"
             username-parameter="custom_username"
             password-parameter="custom_password"
             default-target-url="/orders/findorder"
             always-use-default-target="true"
             authentication-failure-url="/login?error=true"/>

        <security:logout logout-url="/logout" logout-success-url="/login?logout=true"/>

<!--        <security:intercept-url pattern="/" access=""/>-->
        <security:intercept-url pattern="/orders/**" access="ROLE_USER, ROLE_ADMIN"/>
        <security:intercept-url pattern="/register**" access="ROLE_ANONYMOUS, ROLE_ADMIN"/>
        <security:intercept-url pattern="/login**" access="ROLE_ANONYMOUS, ROLE_ADMIN"/>

    </security:http>

    <security:authentication-manager>
<!--        <security:authentication-provider autoUser-service-ref="customUserDetailsService"/>-->
        <security:authentication-provider ref="customAuthenticationProvider"/>
    </security:authentication-manager>

</beans>